[
  {
    "state": 0,
    "2009": 623,
    "2010": 674,
      "2011": 617,
    "2012": 727,
      "2013": 718,
    "2014": 832,
      "2015": 839,
    "2016": 818,
      "2017": 880,
    "2018": 899,
    "name": "New South Wales"
  },
  {
    "state": 1,
    "2009": 576,
    "2010": 558,
      "2011": 526,
    "2012": 514,
      "2013": 514,
    "2014": 658,
      "2015": 678,
    "2016": 639,
      "2017": 621,
    "2018": 593,
    "name": "Victoria"
  },
  {
    "state": 2,
   "2009": 525,
    "2010": 588,
      "2011": 578,
    "2012": 631,
      "2013": 676,
    "2014": 658,
      "2015": 761,
    "2016": 639,
      "2017": 804,
    "2018": 786,
    "name": "Queensland"
  },
  {
    "state": 3,
    "2009": 185,
    "2010": 197,
      "2011": 212,
    "2012": 198,
      "2013": 203,
    "2014": 243,
      "2015": 234,
    "2016": 225,
      "2017": 224,
    "2018": 212,
    "name": "South Australia"
  },
  {
    "state": 4,
    "2009": 279,
    "2010": 313,
      "2011": 309,
    "2012": 367,
      "2013": 336,
    "2014": 367,
      "2015": 402,
    "2016": 370,
      "2017": 409,
    "2018": 383,
    "name": "Western Australia"
  },
  {
    "state": 5,
   "2009": 79,
    "2010": 64,
      "2011": 74,
    "2012": 71,
      "2013": 74,
    "2014": 69,
      "2015": 84,
    "2016": 94,
      "2017": 80,
    "2018": 78,
    "name": "Tasmania"
  },
  {
    "state": 6,
     "2009": 37,
    "2010": 45,
      "2011": 44,
    "2012": 48,
      "2013": 48,
    "2014": 56,
      "2015": 48,
    "2016": 47,
      "2017": 51,
    "2018": 47,
    "name": "Northern Territory"
  },
  {
    "state": 7,
    "2009": 32,
    "2010": 41,
      "2011": 33,
    "2012": 24,
      "2013": 37,
    "2014": 38,
      "2015": 46,
    "2016": 28,
      "2017": 58,
    "2018": 47,
    "name": "Australian Capital Territory"
  }
]